{
  "target_token": "\u0120United",
  "target_position": 16,
  "target_token_id": 1578,
  "input_tokens": [
    "Marie",
    "\u0120Cur",
    "ie",
    "\u0120was",
    "\u0120a",
    "\u0120physicist",
    "\u0120who",
    "\u0120discovered",
    "\u0120rad",
    "ium",
    ".",
    "\u0120She",
    "\u0120was",
    "\u0120born",
    "\u0120in"
  ],
  "raw_attention": [
    0.24372948706150055,
    0.013993258588016033,
    0.07233675569295883,
    0.02510892041027546,
    0.015793658792972565,
    0.027502859011292458,
    0.0071318927221000195,
    0.009844765067100525,
    0.001955148298293352,
    0.008522159419953823,
    0.030600296333432198,
    0.018280556425452232,
    0.010200276039540768,
    0.035470373928546906,
    0.1607711911201477
  ],
  "attention_rollout": [
    0.24372948706150055,
    0.013993258588016033,
    0.07233675569295883,
    0.02510892041027546,
    0.015793658792972565,
    0.027502859011292458,
    0.0071318927221000195,
    0.009844765067100525,
    0.001955148298293352,
    0.008522159419953823,
    0.030600296333432198,
    0.018280556425452232,
    0.010200276039540768,
    0.035470373928546906,
    0.1607711911201477
  ],
  "integrated_gradients": [
    0.022656450048089027,
    0.06587426364421844,
    0.06569746881723404,
    0.013019867241382599,
    0.01476368773728609,
    0.014302282594144344,
    0.22966843843460083,
    0.05069860443472862,
    0.11110477149486542,
    0.03447571024298668,
    0.28640761971473694,
    0.0061116889119148254,
    0.041417304426431656,
    0.010086760856211185,
    0.03371516615152359
  ],
  "head_attribution": {
    "L0_H0": 0.11704044044017792,
    "L0_H1": 0.1335022747516632,
    "L0_H2": 0.9998496770858765,
    "L0_H3": 0.22937679290771484,
    "L0_H4": 0.16929329931735992,
    "L0_H5": 0.8470668196678162,
    "L0_H6": 0.9931053519248962,
    "L0_H7": 0.2447374165058136,
    "L0_H8": 0.2387343943119049,
    "L0_H9": 0.296568900346756,
    "L0_H10": 0.26691123843193054,
    "L0_H11": 0.15992990136146545,
    "L1_H0": 0.045250311493873596,
    "L1_H1": 0.07053021341562271,
    "L1_H2": 0.02662050537765026,
    "L1_H3": 0.44760948419570923,
    "L1_H4": 0.3518301546573639,
    "L1_H5": 0.10240965336561203,
    "L1_H6": 0.10053995996713638,
    "L1_H7": 0.12319307029247284,
    "L1_H8": 0.4683631956577301,
    "L1_H9": 0.08605436235666275,
    "L1_H10": 0.04719642177224159,
    "L1_H11": 0.07641127705574036,
    "L2_H0": 0.45338210463523865,
    "L2_H1": 0.09009404480457306,
    "L2_H2": 0.04596426710486412,
    "L2_H3": 0.011643950827419758,
    "L2_H4": 0.0818132758140564,
    "L2_H5": 0.5022144317626953,
    "L2_H6": 0.2009088099002838,
    "L2_H7": 0.3833833932876587,
    "L2_H8": 0.035898059606552124,
    "L2_H9": 0.2977220118045807,
    "L2_H10": 0.038558416068553925,
    "L2_H11": 0.014557150192558765,
    "L3_H0": 0.2714695632457733,
    "L3_H1": 0.34538713097572327,
    "L3_H2": 0.20275184512138367,
    "L3_H3": 0.18517765402793884,
    "L3_H4": 0.274173378944397,
    "L3_H5": 0.07967744767665863,
    "L3_H6": 0.4639142155647278,
    "L3_H7": 0.021853428333997726,
    "L3_H8": 0.21963104605674744,
    "L3_H9": 0.4726434350013733,
    "L3_H10": 0.13115577399730682,
    "L3_H11": 0.4587083160877228,
    "L4_H0": 0.08276168256998062,
    "L4_H1": 0.053075287491083145,
    "L4_H2": 0.9433290958404541,
    "L4_H3": 0.06014280766248703,
    "L4_H4": 0.061428751796483994,
    "L4_H5": 0.40314796566963196,
    "L4_H6": 0.8383504152297974,
    "L4_H7": 0.08568980544805527,
    "L4_H8": 0.20399613678455353,
    "L4_H9": 0.02156287245452404,
    "L4_H10": 0.5580505728721619,
    "L4_H11": 0.1629239171743393,
    "L5_H0": 0.03335339576005936,
    "L5_H1": 0.1693909466266632,
    "L5_H2": 0.027205174788832664,
    "L5_H3": 0.26056525111198425,
    "L5_H4": 0.058134328573942184,
    "L5_H5": 0.02739279344677925,
    "L5_H6": 0.016075655817985535,
    "L5_H7": 0.9089832901954651,
    "L5_H8": 0.0005366987315937877,
    "L5_H9": 0.004408435430377722,
    "L5_H10": 0.405452698469162,
    "L5_H11": 0.0784224271774292,
    "L6_H0": 0.011268665082752705,
    "L6_H1": 0.0010505805257707834,
    "L6_H2": 0.20528370141983032,
    "L6_H3": 0.02241675555706024,
    "L6_H4": 0.9970707893371582,
    "L6_H5": 0.004131136927753687,
    "L6_H6": 0.03056991845369339,
    "L6_H7": 0.012107962742447853,
    "L6_H8": 0.027589065954089165,
    "L6_H9": 0.012712446041405201,
    "L6_H10": 0.04253596439957619,
    "L6_H11": 0.006990247406065464,
    "L7_H0": 0.010384850203990936,
    "L7_H1": 0.0648544654250145,
    "L7_H2": 0.14262257516384125,
    "L7_H3": 0.03256484121084213,
    "L7_H4": 0.05194299668073654,
    "L7_H5": 0.04917917028069496,
    "L7_H6": 0.022414956241846085,
    "L7_H7": 0.017821872606873512,
    "L7_H8": 0.36209985613822937,
    "L7_H9": 0.22843998670578003,
    "L7_H10": 0.20355577766895294,
    "L7_H11": 0.8733460903167725,
    "L8_H0": 0.004997155629098415,
    "L8_H1": 0.03588463366031647,
    "L8_H2": 0.012424467131495476,
    "L8_H3": 0.048501528799533844,
    "L8_H4": 0.34078261256217957,
    "L8_H5": 0.03622156381607056,
    "L8_H6": 0.0036588329821825027,
    "L8_H7": 0.4894774556159973,
    "L8_H8": 0.0027653586585074663,
    "L8_H9": 0.13825316727161407,
    "L8_H10": 0.07535578310489655,
    "L8_H11": 0.003012927481904626,
    "L9_H0": 0.06173781678080559,
    "L9_H1": 0.21303285658359528,
    "L9_H2": 0.2432960420846939,
    "L9_H3": 0.06876979023218155,
    "L9_H4": 0.26676058769226074,
    "L9_H5": 0.0691961869597435,
    "L9_H6": 0.30809611082077026,
    "L9_H7": 0.06591996550559998,
    "L9_H8": 0.14325465261936188,
    "L9_H9": 0.07850567251443863,
    "L9_H10": 0.10886222869157791,
    "L9_H11": 0.0660451129078865,
    "L10_H0": 0.00206206738948822,
    "L10_H1": 0.004210864193737507,
    "L10_H2": 0.08400926738977432,
    "L10_H3": 0.0020866994746029377,
    "L10_H4": 0.025249535217881203,
    "L10_H5": 0.04461335390806198,
    "L10_H6": 0.029522068798542023,
    "L10_H7": 0.06403107196092606,
    "L10_H8": 0.00915276724845171,
    "L10_H9": 0.014881933107972145,
    "L10_H10": 0.022755252197384834,
    "L10_H11": 0.017123550176620483,
    "L11_H0": 0.09486477822065353,
    "L11_H1": 0.506325900554657,
    "L11_H2": 0.5673073530197144,
    "L11_H3": 0.3376290202140808,
    "L11_H4": 0.999983549118042,
    "L11_H5": 0.194807767868042,
    "L11_H6": 0.0660025030374527,
    "L11_H7": 0.5823836922645569,
    "L11_H8": 0.14177697896957397,
    "L11_H9": 0.02344517409801483,
    "L11_H10": 0.2600531578063965,
    "L11_H11": 0.050520699471235275
  },
  "top_heads": [
    {
      "head": "L11_H4",
      "score": 0.999983549118042,
      "layer": 11
    },
    {
      "head": "L0_H2",
      "score": 0.9998496770858765,
      "layer": 0
    },
    {
      "head": "L6_H4",
      "score": 0.9970707893371582,
      "layer": 6
    },
    {
      "head": "L0_H6",
      "score": 0.9931053519248962,
      "layer": 0
    },
    {
      "head": "L4_H2",
      "score": 0.9433290958404541,
      "layer": 4
    },
    {
      "head": "L5_H7",
      "score": 0.9089832901954651,
      "layer": 5
    },
    {
      "head": "L7_H11",
      "score": 0.8733460903167725,
      "layer": 7
    },
    {
      "head": "L0_H5",
      "score": 0.8470668196678162,
      "layer": 0
    },
    {
      "head": "L4_H6",
      "score": 0.8383504152297974,
      "layer": 4
    },
    {
      "head": "L11_H7",
      "score": 0.5823836922645569,
      "layer": 11
    },
    {
      "head": "L11_H2",
      "score": 0.5673073530197144,
      "layer": 11
    },
    {
      "head": "L4_H10",
      "score": 0.5580505728721619,
      "layer": 4
    },
    {
      "head": "L11_H1",
      "score": 0.506325900554657,
      "layer": 11
    },
    {
      "head": "L2_H5",
      "score": 0.5022144317626953,
      "layer": 2
    },
    {
      "head": "L8_H7",
      "score": 0.4894774556159973,
      "layer": 8
    },
    {
      "head": "L3_H9",
      "score": 0.4726434350013733,